{
  "status": 100,
  "message": "操作成功",
  "data": {
    "articles": [
      {
        "articleTitle": "article title 0",
        "articleAuthorId": "",
        "articleAbstract": "",
        "articleContent": "once upon a time ..... ",
        "articleCreateDate": "",
        "articleViewCount": "1000"
      },
      {
        "articleTitle": "article title 1",
        "articleAuthorId": "",
        "articleAbstract": "",
        "articleContent": "once upon a time ..... ",
        "articleCreateDate": "",
        "articleViewCount": "1001"
      },
      {
        "articleTitle": "article title 2",
        "articleAuthorId": "",
        "articleAbstract": "",
        "articleContent": "once upon a time ..... ",
        "articleCreateDate": "",
        "articleViewCount": "1002"
      },
      {
        "articleTitle": "article title 3",
        "articleAuthorId": "",
        "articleAbstract": "",
        "articleContent": "once upon a time ..... ",
        "articleCreateDate": "",
        "articleViewCount": "1003"
      },
      {
        "articleTitle": "article title 4",
        "articleAuthorId": "",
        "articleAbstract": "",
        "articleContent": "once upon a time ..... ",
        "articleCreateDate": "",
        "articleViewCount": "1004"
      },
      {
        "articleTitle": "article title 5",
        "articleAuthorId": "",
        "articleAbstract": "",
        "articleContent": "once upon a time ..... ",
        "articleCreateDate": "",
        "articleViewCount": "1005"
      },
      {
        "articleTitle": "article title 6",
        "articleAuthorId": "",
        "articleAbstract": "",
        "articleContent": "once upon a time ..... ",
        "articleCreateDate": "",
        "articleViewCount": "1006"
      },
      {
        "articleTitle": "article title 7",
        "articleAuthorId": "",
        "articleAbstract": "",
        "articleContent": "once upon a time ..... ",
        "articleCreateDate": "",
        "articleViewCount": "1007"
      },
      {
        "articleTitle": "article title 8",
        "articleAuthorId": "",
        "articleAbstract": "",
        "articleContent": "once upon a time ..... ",
        "articleCreateDate": "",
        "articleViewCount": "1008"
      },
      {
        "articleTitle": "article title 9",
        "articleAuthorId": "",
        "articleAbstract": "",
        "articleContent": "once upon a time ..... ",
        "articleCreateDate": "",
        "articleViewCount": "1009"
      }
    ]
  },
  "timestamp": 1660772204227
}